ID,DataRow ID,Labeled Data,Label,Created By,Project Name,Created At,Updated At,Seconds to Label,External ID,Agreement,Benchmark Agreement,Benchmark ID,Benchmark Reference ID,Dataset Name,Reviews,View Label
ckcav9r8901vx0y42esxt6xpk,ckcav55w65snq0bo820bchgeb,https://storage.labelbox.com/ckcav026m00ui07153ar12b39%2Fc993e589-9940-4f37-6429-5eab297517c7-images_34.jpg?Expires=1595272423305&KeyName=labelbox-assets-key-1&Signature=sscYxAlfVsJ5_hlbo4LvVHezYNk,"{""objects"":[{""featureId"":""ckcavfwue1nq80y477veihjzt"",""schemaId"":""ckcavegzz3lza0y6fa11y43fh"",""title"":""Car_num_plate"",""value"":""car_num_plate"",""color"":""#FF0000"",""bbox"":{""top"":109,""left"":66,""height"":29,""width"":125},""instanceURI"":""https://api.labelbox.com/masks/feature/ckcavfwue1nq80y477veihjzt?token=eyJhbGciOiJIUzI1NiIsInR5cCI6IkpXVCJ9.eyJ1c2VySWQiOiJja2NhdjAyNzdmaHAwMDc3OGNtNW9hbTQ0Iiwib3JnYW5pemF0aW9uSWQiOiJja2NhdjAyNm0wMHVpMDcxNTNhcjEyYjM5IiwiaWF0IjoxNTk0MDYyODIzLCJleHAiOjE1OTY2NTQ4MjN9.wbaVb6C88pFrWNHP59Q2SOp_wEkKehjSeTI0fh-q90Y""}],""classifications"":[]}",manjunathn04@gmail.com,CarDataset,1594061855000,1594062165000,141.096,images_34.jpg,-1,-1,,,Car_num_plate,[],https://editor.labelbox.com?project=ckcav36kp00y60720wmt4e4lz&label=ckcav9r8901vx0y42esxt6xpk
ckcavfldi3m0k0y6fe1cn2x4d,ckcav55w65so20bo8arc53279,https://storage.labelbox.com/ckcav026m00ui07153ar12b39%2Fa9e3b06a-751e-6abf-a4cb-947470bd8d97-images_38.jpg?Expires=1595272423315&KeyName=labelbox-assets-key-1&Signature=5aqA9-Bbpvkn08S0EUGvtqIyxY0,"{""objects"":[{""featureId"":""ckcavf7kn3m010y6fb91816xd"",""schemaId"":""ckcavegzz3lza0y6fa11y43fh"",""title"":""Car_num_plate"",""value"":""car_num_plate"",""color"":""#FF0000"",""bbox"":{""top"":68,""left"":94,""height"":60,""width"":124},""instanceURI"":""https://api.labelbox.com/masks/feature/ckcavf7kn3m010y6fb91816xd?token=eyJhbGciOiJIUzI1NiIsInR5cCI6IkpXVCJ9.eyJ1c2VySWQiOiJja2NhdjAyNzdmaHAwMDc3OGNtNW9hbTQ0Iiwib3JnYW5pemF0aW9uSWQiOiJja2NhdjAyNm0wMHVpMDcxNTNhcjEyYjM5IiwiaWF0IjoxNTk0MDYyODIzLCJleHAiOjE1OTY2NTQ4MjN9.wbaVb6C88pFrWNHP59Q2SOp_wEkKehjSeTI0fh-q90Y""}],""classifications"":[]}",manjunathn04@gmail.com,CarDataset,1594062127000,1594062165000,69.436,images_38.jpg,-1,-1,,,Car_num_plate,[],https://editor.labelbox.com?project=ckcav36kp00y60720wmt4e4lz&label=ckcavfldi3m0k0y6fe1cn2x4d
ckcavgkgs3tze0y6g8uv5ec9u,ckcav55w75soe0bo8aqng6ec1,https://storage.labelbox.com/ckcav026m00ui07153ar12b39%2Fed3fece7-76af-5dbb-a439-7ef4877f35b9-images_41.jpg?Expires=1595272423316&KeyName=labelbox-assets-key-1&Signature=zwfm6cnyg-g6XgF10Prn-HOQDwU,"{""objects"":[{""featureId"":""ckcavgjdc3m2p0y6fenokgwvc"",""schemaId"":""ckcavegzz3lza0y6fa11y43fh"",""title"":""Car_num_plate"",""value"":""car_num_plate"",""color"":""#FF0000"",""bbox"":{""top"":100,""left"":144,""height"":15,""width"":71},""instanceURI"":""https://api.labelbox.com/masks/feature/ckcavgjdc3m2p0y6fenokgwvc?token=eyJhbGciOiJIUzI1NiIsInR5cCI6IkpXVCJ9.eyJ1c2VySWQiOiJja2NhdjAyNzdmaHAwMDc3OGNtNW9hbTQ0Iiwib3JnYW5pemF0aW9uSWQiOiJja2NhdjAyNm0wMHVpMDcxNTNhcjEyYjM5IiwiaWF0IjoxNTk0MDYyODIzLCJleHAiOjE1OTY2NTQ4MjN9.wbaVb6C88pFrWNHP59Q2SOp_wEkKehjSeTI0fh-q90Y""}],""classifications"":[]}",manjunathn04@gmail.com,CarDataset,1594062173000,1594062280000,23.907,images_41.jpg,-1,-1,,,Car_num_plate,[],https://editor.labelbox.com?project=ckcav36kp00y60720wmt4e4lz&label=ckcavgkgs3tze0y6g8uv5ec9u
ckcavhr6a3u2i0y6gcipv3re6,ckcav55w75soq0bo80mif52nb,https://storage.labelbox.com/ckcav026m00ui07153ar12b39%2F7a3d541e-ef7e-7cee-7a55-be82c4e9b6df-images_46.jpg?Expires=1595272423317&KeyName=labelbox-assets-key-1&Signature=muT1m8oESFOuhAcqoxaQYT-RKV4,"{""objects"":[{""featureId"":""ckcavhpth3u2g0y6g9y0ohesg"",""schemaId"":""ckcavegzz3lza0y6fa11y43fh"",""title"":""Car_num_plate"",""value"":""car_num_plate"",""color"":""#FF0000"",""bbox"":{""top"":114,""left"":51,""height"":31,""width"":123},""instanceURI"":""https://api.labelbox.com/masks/feature/ckcavhpth3u2g0y6g9y0ohesg?token=eyJhbGciOiJIUzI1NiIsInR5cCI6IkpXVCJ9.eyJ1c2VySWQiOiJja2NhdjAyNzdmaHAwMDc3OGNtNW9hbTQ0Iiwib3JnYW5pemF0aW9uSWQiOiJja2NhdjAyNm0wMHVpMDcxNTNhcjEyYjM5IiwiaWF0IjoxNTk0MDYyODIzLCJleHAiOjE1OTY2NTQ4MjN9.wbaVb6C88pFrWNHP59Q2SOp_wEkKehjSeTI0fh-q90Y""}],""classifications"":[]}",manjunathn04@gmail.com,CarDataset,1594062228000,1594062281000,5.318,images_46.jpg,-1,-1,,,Car_num_plate,[],https://editor.labelbox.com?project=ckcav36kp00y60720wmt4e4lz&label=ckcavhr6a3u2i0y6gcipv3re6
ckcavjhda3u7e0y6gcw58eq04,ckcav55w55sli0bo8ai1r7dkt,https://storage.labelbox.com/ckcav026m00ui07153ar12b39%2F2ac20f56-10b8-3b7a-d8d6-548eb3a6c2b0-images_1.jpg?Expires=1595272423317&KeyName=labelbox-assets-key-1&Signature=4q3_Fo9UbJhhTvLQpZxl5zbIrvc,"{""objects"":[{""featureId"":""ckcavjfy83u750y6ga4gn6pvu"",""schemaId"":""ckcavegzz3lza0y6fa11y43fh"",""title"":""Car_num_plate"",""value"":""car_num_plate"",""color"":""#FF0000"",""bbox"":{""top"":59,""left"":85,""height"":74,""width"":173},""instanceURI"":""https://api.labelbox.com/masks/feature/ckcavjfy83u750y6ga4gn6pvu?token=eyJhbGciOiJIUzI1NiIsInR5cCI6IkpXVCJ9.eyJ1c2VySWQiOiJja2NhdjAyNzdmaHAwMDc3OGNtNW9hbTQ0Iiwib3JnYW5pemF0aW9uSWQiOiJja2NhdjAyNm0wMHVpMDcxNTNhcjEyYjM5IiwiaWF0IjoxNTk0MDYyODIzLCJleHAiOjE1OTY2NTQ4MjN9.wbaVb6C88pFrWNHP59Q2SOp_wEkKehjSeTI0fh-q90Y""}],""classifications"":[]}",manjunathn04@gmail.com,CarDataset,1594062309000,1594062426000,11.015,images_1.jpg,-1,-1,,,Car_num_plate,[],https://editor.labelbox.com?project=ckcav36kp00y60720wmt4e4lz&label=ckcavjhda3u7e0y6gcw58eq04
ckcavk07x3ua90y6g26muaafz,ckcav55w75sp20bo8g2o35qel,https://storage.labelbox.com/ckcav026m00ui07153ar12b39%2F92b4fdb3-8074-2081-59f9-c64593c89784-images_50.jpg?Expires=1595272423318&KeyName=labelbox-assets-key-1&Signature=30WV85YkCJ7D1lNqx8_3rU0Mm8U,"{""objects"":[{""featureId"":""ckcavjwh93u9t0y6gdg1m8lnq"",""schemaId"":""ckcavegzz3lza0y6fa11y43fh"",""title"":""Car_num_plate"",""value"":""car_num_plate"",""color"":""#FF0000"",""bbox"":{""top"":87,""left"":43,""height"":33,""width"":52},""instanceURI"":""https://api.labelbox.com/masks/feature/ckcavjwh93u9t0y6gdg1m8lnq?token=eyJhbGciOiJIUzI1NiIsInR5cCI6IkpXVCJ9.eyJ1c2VySWQiOiJja2NhdjAyNzdmaHAwMDc3OGNtNW9hbTQ0Iiwib3JnYW5pemF0aW9uSWQiOiJja2NhdjAyNm0wMHVpMDcxNTNhcjEyYjM5IiwiaWF0IjoxNTk0MDYyODIzLCJleHAiOjE1OTY2NTQ4MjN9.wbaVb6C88pFrWNHP59Q2SOp_wEkKehjSeTI0fh-q90Y""}],""classifications"":[]}",manjunathn04@gmail.com,CarDataset,1594062333000,1594062427000,23.613,images_50.jpg,-1,-1,,,Car_num_plate,[],https://editor.labelbox.com?project=ckcav36kp00y60720wmt4e4lz&label=ckcavk07x3ua90y6g26muaafz
ckcavk8i03ubc0y6g32wpb3u2,ckcav55w55slu0bo8bv2jeatm,https://storage.labelbox.com/ckcav026m00ui07153ar12b39%2F9ddf52e8-2e60-a270-4d3a-f936752b324b-images_4.jpg?Expires=1595272423319&KeyName=labelbox-assets-key-1&Signature=5BpxTM6Rv4vOsW8t-yxB-LS_Ly4,"{""objects"":[{""featureId"":""ckcavk7fm3mc00y6fg11t8qd5"",""schemaId"":""ckcavegzz3lza0y6fa11y43fh"",""title"":""Car_num_plate"",""value"":""car_num_plate"",""color"":""#FF0000"",""bbox"":{""top"":115,""left"":66,""height"":15,""width"":59},""instanceURI"":""https://api.labelbox.com/masks/feature/ckcavk7fm3mc00y6fg11t8qd5?token=eyJhbGciOiJIUzI1NiIsInR5cCI6IkpXVCJ9.eyJ1c2VySWQiOiJja2NhdjAyNzdmaHAwMDc3OGNtNW9hbTQ0Iiwib3JnYW5pemF0aW9uSWQiOiJja2NhdjAyNm0wMHVpMDcxNTNhcjEyYjM5IiwiaWF0IjoxNTk0MDYyODIzLCJleHAiOjE1OTY2NTQ4MjN9.wbaVb6C88pFrWNHP59Q2SOp_wEkKehjSeTI0fh-q90Y""}],""classifications"":[]}",manjunathn04@gmail.com,CarDataset,1594062344000,1594062428000,7.708,images_4.jpg,-1,-1,,,Car_num_plate,[],https://editor.labelbox.com?project=ckcav36kp00y60720wmt4e4lz&label=ckcavk8i03ubc0y6g32wpb3u2
ckcavl9uj3mg40y6f6ccwbad2,ckcav55w85spe0bo8gabgfqh6,https://storage.labelbox.com/ckcav026m00ui07153ar12b39%2Fdc7c764f-038b-6ff3-058e-1a353065899b-images_53.jpg?Expires=1595272423319&KeyName=labelbox-assets-key-1&Signature=JOSb_qrxMiQHTB7oYl1lYOr1atQ,"{""objects"":[{""featureId"":""ckcavl3wa3ue60y6gfo0vcpq4"",""schemaId"":""ckcavegzz3lza0y6fa11y43fh"",""title"":""Car_num_plate"",""value"":""car_num_plate"",""color"":""#FF0000"",""bbox"":{""top"":108,""left"":124,""height"":52,""width"":76},""instanceURI"":""https://api.labelbox.com/masks/feature/ckcavl3wa3ue60y6gfo0vcpq4?token=eyJhbGciOiJIUzI1NiIsInR5cCI6IkpXVCJ9.eyJ1c2VySWQiOiJja2NhdjAyNzdmaHAwMDc3OGNtNW9hbTQ0Iiwib3JnYW5pemF0aW9uSWQiOiJja2NhdjAyNm0wMHVpMDcxNTNhcjEyYjM5IiwiaWF0IjoxNTk0MDYyODIzLCJleHAiOjE1OTY2NTQ4MjN9.wbaVb6C88pFrWNHP59Q2SOp_wEkKehjSeTI0fh-q90Y""}],""classifications"":[]}",manjunathn04@gmail.com,CarDataset,1594062392000,1594062430000,17.149,images_53.jpg,-1,-1,,,Car_num_plate,[],https://editor.labelbox.com?project=ckcav36kp00y60720wmt4e4lz&label=ckcavl9uj3mg40y6f6ccwbad2
ckcavlop81o8z0y47ffic8zs1,ckcav55w65sm60bo86vrp77im,https://storage.labelbox.com/ckcav026m00ui07153ar12b39%2F0cc48762-931a-0aed-4c4a-17386bf73f5d-images_10.jpg?Expires=1595272423320&KeyName=labelbox-assets-key-1&Signature=o3PrSGBJpYjS0EnIzAz1FzC9M34,"{""objects"":[{""featureId"":""ckcavln1m3ufv0y6ghtkxg0o9"",""schemaId"":""ckcavegzz3lza0y6fa11y43fh"",""title"":""Car_num_plate"",""value"":""car_num_plate"",""color"":""#FF0000"",""bbox"":{""top"":174,""left"":61,""height"":24,""width"":100},""instanceURI"":""https://api.labelbox.com/masks/feature/ckcavln1m3ufv0y6ghtkxg0o9?token=eyJhbGciOiJIUzI1NiIsInR5cCI6IkpXVCJ9.eyJ1c2VySWQiOiJja2NhdjAyNzdmaHAwMDc3OGNtNW9hbTQ0Iiwib3JnYW5pemF0aW9uSWQiOiJja2NhdjAyNm0wMHVpMDcxNTNhcjEyYjM5IiwiaWF0IjoxNTk0MDYyODIzLCJleHAiOjE1OTY2NTQ4MjN9.wbaVb6C88pFrWNHP59Q2SOp_wEkKehjSeTI0fh-q90Y""}],""classifications"":[]}",manjunathn04@gmail.com,CarDataset,1594062412000,1594062430000,8.592,images_10.jpg,-1,-1,,,Car_num_plate,[],https://editor.labelbox.com?project=ckcav36kp00y60720wmt4e4lz&label=ckcavlop81o8z0y47ffic8zs1
ckcavlvhf3uhk0y6gb8r082ea,ckcav55w85spq0bo85qoy1o77,https://storage.labelbox.com/ckcav026m00ui07153ar12b39%2F6655a911-b0f3-0c8b-5e9f-7bb69539cbd2-images_57.jpg?Expires=1595272423321&KeyName=labelbox-assets-key-1&Signature=U1QxNuM4rMCkd4kSC8_l6-e5g9U,"{""objects"":[{""featureId"":""ckcavltz21o9s0y478ddi2qb0"",""schemaId"":""ckcavegzz3lza0y6fa11y43fh"",""title"":""Car_num_plate"",""value"":""car_num_plate"",""color"":""#FF0000"",""bbox"":{""top"":92,""left"":99,""height"":26,""width"":126},""instanceURI"":""https://api.labelbox.com/masks/feature/ckcavltz21o9s0y478ddi2qb0?token=eyJhbGciOiJIUzI1NiIsInR5cCI6IkpXVCJ9.eyJ1c2VySWQiOiJja2NhdjAyNzdmaHAwMDc3OGNtNW9hbTQ0Iiwib3JnYW5pemF0aW9uSWQiOiJja2NhdjAyNm0wMHVpMDcxNTNhcjEyYjM5IiwiaWF0IjoxNTk0MDYyODIzLCJleHAiOjE1OTY2NTQ4MjN9.wbaVb6C88pFrWNHP59Q2SOp_wEkKehjSeTI0fh-q90Y""}],""classifications"":[]}",manjunathn04@gmail.com,CarDataset,1594062420000,1594062431000,3.957,images_57.jpg,-1,-1,,,Car_num_plate,[],https://editor.labelbox.com?project=ckcav36kp00y60720wmt4e4lz&label=ckcavlvhf3uhk0y6gb8r082ea
ckcavm1lw1oaq0y478ffl6voo,ckcav55w65smi0bo83xme6e3e,https://storage.labelbox.com/ckcav026m00ui07153ar12b39%2F8fba3bb4-bebf-3a9f-42f2-8683899784db-images_15.jpg?Expires=1595272423321&KeyName=labelbox-assets-key-1&Signature=qLDjV9xFi_zb0PvMjGbWToCXKps,"{""objects"":[{""featureId"":""ckcavm08z3miq0y6fcrnsekod"",""schemaId"":""ckcavegzz3lza0y6fa11y43fh"",""title"":""Car_num_plate"",""value"":""car_num_plate"",""color"":""#FF0000"",""bbox"":{""top"":96,""left"":85,""height"":31,""width"":100},""instanceURI"":""https://api.labelbox.com/masks/feature/ckcavm08z3miq0y6fcrnsekod?token=eyJhbGciOiJIUzI1NiIsInR5cCI6IkpXVCJ9.eyJ1c2VySWQiOiJja2NhdjAyNzdmaHAwMDc3OGNtNW9hbTQ0Iiwib3JnYW5pemF0aW9uSWQiOiJja2NhdjAyNm0wMHVpMDcxNTNhcjEyYjM5IiwiaWF0IjoxNTk0MDYyODIzLCJleHAiOjE1OTY2NTQ4MjN9.wbaVb6C88pFrWNHP59Q2SOp_wEkKehjSeTI0fh-q90Y""}],""classifications"":[]}",manjunathn04@gmail.com,CarDataset,1594062428000,1594062515000,4.347,images_15.jpg,-1,-1,,,Car_num_plate,[],https://editor.labelbox.com?project=ckcav36kp00y60720wmt4e4lz&label=ckcavm1lw1oaq0y478ffl6voo
ckcavm7163mj60y6fgrbi09m3,ckcav55w85sq20bo813q15ns4,https://storage.labelbox.com/ckcav026m00ui07153ar12b39%2F8c1d4fe6-e917-9deb-923b-947ba6ae19a4-images_60.jpg?Expires=1595272423324&KeyName=labelbox-assets-key-1&Signature=FYG5YGWBSMvN-y_RUreMDzbT2oo,"{""objects"":[{""featureId"":""ckcavm5tn1ob60y473hi61q8s"",""schemaId"":""ckcavegzz3lza0y6fa11y43fh"",""title"":""Car_num_plate"",""value"":""car_num_plate"",""color"":""#FF0000"",""bbox"":{""top"":54,""left"":60,""height"":44,""width"":117},""instanceURI"":""https://api.labelbox.com/masks/feature/ckcavm5tn1ob60y473hi61q8s?token=eyJhbGciOiJIUzI1NiIsInR5cCI6IkpXVCJ9.eyJ1c2VySWQiOiJja2NhdjAyNzdmaHAwMDc3OGNtNW9hbTQ0Iiwib3JnYW5pemF0aW9uSWQiOiJja2NhdjAyNm0wMHVpMDcxNTNhcjEyYjM5IiwiaWF0IjoxNTk0MDYyODIzLCJleHAiOjE1OTY2NTQ4MjN9.wbaVb6C88pFrWNHP59Q2SOp_wEkKehjSeTI0fh-q90Y""}],""classifications"":[]}",manjunathn04@gmail.com,CarDataset,1594062435000,1594062515000,4.082,images_60.jpg,-1,-1,,,Car_num_plate,[],https://editor.labelbox.com?project=ckcav36kp00y60720wmt4e4lz&label=ckcavm7163mj60y6fgrbi09m3
ckcavmeml3uiv0y6g18swb1b0,ckcav55w65smu0bo81983e6xn,https://storage.labelbox.com/ckcav026m00ui07153ar12b39%2F2efc05a5-3f51-0ca3-a0fb-a034f2daf1e1-images_18.jpg?Expires=1595272423325&KeyName=labelbox-assets-key-1&Signature=vaHC21he28vmw2Yo8BW2AvkAMH0,"{""objects"":[{""featureId"":""ckcavmd683uiu0y6ght0qhhpa"",""schemaId"":""ckcavegzz3lza0y6fa11y43fh"",""title"":""Car_num_plate"",""value"":""car_num_plate"",""color"":""#FF0000"",""bbox"":{""top"":94,""left"":61,""height"":66,""width"":135},""instanceURI"":""https://api.labelbox.com/masks/feature/ckcavmd683uiu0y6ght0qhhpa?token=eyJhbGciOiJIUzI1NiIsInR5cCI6IkpXVCJ9.eyJ1c2VySWQiOiJja2NhdjAyNzdmaHAwMDc3OGNtNW9hbTQ0Iiwib3JnYW5pemF0aW9uSWQiOiJja2NhdjAyNm0wMHVpMDcxNTNhcjEyYjM5IiwiaWF0IjoxNTk0MDYyODIzLCJleHAiOjE1OTY2NTQ4MjN9.wbaVb6C88pFrWNHP59Q2SOp_wEkKehjSeTI0fh-q90Y""}],""classifications"":[]}",manjunathn04@gmail.com,CarDataset,1594062445000,1594062515000,6.201,images_18.jpg,-1,-1,,,Car_num_plate,[],https://editor.labelbox.com?project=ckcav36kp00y60720wmt4e4lz&label=ckcavmeml3uiv0y6g18swb1b0
ckcavmjo01oby0y4749tkb4qy,ckcav55w95sqe0bo8dkoyfkaa,https://storage.labelbox.com/ckcav026m00ui07153ar12b39%2Fd62857d6-7623-d179-7c7f-ac7a8f25adef-images_63.jpg?Expires=1595272423325&KeyName=labelbox-assets-key-1&Signature=Bc3ebUvgHIcStKW71j4-g4Rh1dU,"{""objects"":[{""featureId"":""ckcavmikd1obx0y479r65ffd9"",""schemaId"":""ckcavegzz3lza0y6fa11y43fh"",""title"":""Car_num_plate"",""value"":""car_num_plate"",""color"":""#FF0000"",""bbox"":{""top"":109,""left"":83,""height"":32,""width"":134},""instanceURI"":""https://api.labelbox.com/masks/feature/ckcavmikd1obx0y479r65ffd9?token=eyJhbGciOiJIUzI1NiIsInR5cCI6IkpXVCJ9.eyJ1c2VySWQiOiJja2NhdjAyNzdmaHAwMDc3OGNtNW9hbTQ0Iiwib3JnYW5pemF0aW9uSWQiOiJja2NhdjAyNm0wMHVpMDcxNTNhcjEyYjM5IiwiaWF0IjoxNTk0MDYyODIzLCJleHAiOjE1OTY2NTQ4MjN9.wbaVb6C88pFrWNHP59Q2SOp_wEkKehjSeTI0fh-q90Y""}],""classifications"":[]}",manjunathn04@gmail.com,CarDataset,1594062452000,1594062515000,3.5,images_63.jpg,-1,-1,,,Car_num_plate,[],https://editor.labelbox.com?project=ckcav36kp00y60720wmt4e4lz&label=ckcavmjo01oby0y4749tkb4qy
ckcavmpu01oce0y47bg2w3l41,ckcav55w65sn60bo87akh93zt,https://storage.labelbox.com/ckcav026m00ui07153ar12b39%2F5508feaf-f9fd-db19-4c00-d4460bffa7ee-images_24.jpg?Expires=1595272423326&KeyName=labelbox-assets-key-1&Signature=8BNT6D7rqsFGi8jEH9NwewNsX1A,"{""objects"":[{""featureId"":""ckcavmorf3ujs0y6g0gj52zh3"",""schemaId"":""ckcavegzz3lza0y6fa11y43fh"",""title"":""Car_num_plate"",""value"":""car_num_plate"",""color"":""#FF0000"",""bbox"":{""top"":121,""left"":102,""height"":24,""width"":78},""instanceURI"":""https://api.labelbox.com/masks/feature/ckcavmorf3ujs0y6g0gj52zh3?token=eyJhbGciOiJIUzI1NiIsInR5cCI6IkpXVCJ9.eyJ1c2VySWQiOiJja2NhdjAyNzdmaHAwMDc3OGNtNW9hbTQ0Iiwib3JnYW5pemF0aW9uSWQiOiJja2NhdjAyNm0wMHVpMDcxNTNhcjEyYjM5IiwiaWF0IjoxNTk0MDYyODIzLCJleHAiOjE1OTY2NTQ4MjN9.wbaVb6C88pFrWNHP59Q2SOp_wEkKehjSeTI0fh-q90Y""}],""classifications"":[]}",manjunathn04@gmail.com,CarDataset,1594062460000,1594062515000,4.473,images_24.jpg,-1,-1,,,Car_num_plate,[],https://editor.labelbox.com?project=ckcav36kp00y60720wmt4e4lz&label=ckcavmpu01oce0y47bg2w3l41
ckcavmwml1od10y477od1aqwc,ckcav55w95sqq0bo8eiydgcu9,https://storage.labelbox.com/ckcav026m00ui07153ar12b39%2Ffc6cd639-b947-80db-afc4-955c17e22cfb-images_66.jpg?Expires=1595272423326&KeyName=labelbox-assets-key-1&Signature=yNKBC-WM97RIriwRKZ43x_7d4zY,"{""objects"":[{""featureId"":""ckcavmvb53mkg0y6fdo4p5dvy"",""schemaId"":""ckcavegzz3lza0y6fa11y43fh"",""title"":""Car_num_plate"",""value"":""car_num_plate"",""color"":""#FF0000"",""bbox"":{""top"":110,""left"":100,""height"":45,""width"":121},""instanceURI"":""https://api.labelbox.com/masks/feature/ckcavmvb53mkg0y6fdo4p5dvy?token=eyJhbGciOiJIUzI1NiIsInR5cCI6IkpXVCJ9.eyJ1c2VySWQiOiJja2NhdjAyNzdmaHAwMDc3OGNtNW9hbTQ0Iiwib3JnYW5pemF0aW9uSWQiOiJja2NhdjAyNm0wMHVpMDcxNTNhcjEyYjM5IiwiaWF0IjoxNTk0MDYyODIzLCJleHAiOjE1OTY2NTQ4MjN9.wbaVb6C88pFrWNHP59Q2SOp_wEkKehjSeTI0fh-q90Y""}],""classifications"":[]}",manjunathn04@gmail.com,CarDataset,1594062469000,1594062516000,5.646,images_66.jpg,-1,-1,,,Car_num_plate,[],https://editor.labelbox.com?project=ckcav36kp00y60720wmt4e4lz&label=ckcavmwml1od10y477od1aqwc
ckcavn2oa3uki0y6g048sbyuh,ckcav55w65sni0bo82lnx1h5h,https://storage.labelbox.com/ckcav026m00ui07153ar12b39%2Ffe43878b-1b4e-8080-18f0-356f1d51fa5d-images_30.jpg?Expires=1595272423327&KeyName=labelbox-assets-key-1&Signature=349JbTv9CH-KQTfKny-EmsDfFkM,"{""objects"":[{""featureId"":""ckcavn1l71oda0y476i361h7d"",""schemaId"":""ckcavegzz3lza0y6fa11y43fh"",""title"":""Car_num_plate"",""value"":""car_num_plate"",""color"":""#FF0000"",""bbox"":{""top"":129,""left"":43,""height"":27,""width"":77},""instanceURI"":""https://api.labelbox.com/masks/feature/ckcavn1l71oda0y476i361h7d?token=eyJhbGciOiJIUzI1NiIsInR5cCI6IkpXVCJ9.eyJ1c2VySWQiOiJja2NhdjAyNzdmaHAwMDc3OGNtNW9hbTQ0Iiwib3JnYW5pemF0aW9uSWQiOiJja2NhdjAyNm0wMHVpMDcxNTNhcjEyYjM5IiwiaWF0IjoxNTk0MDYyODIzLCJleHAiOjE1OTY2NTQ4MjN9.wbaVb6C88pFrWNHP59Q2SOp_wEkKehjSeTI0fh-q90Y""}],""classifications"":[]}",manjunathn04@gmail.com,CarDataset,1594062476000,1594062516000,4.757,images_30.jpg,-1,-1,,,Car_num_plate,[],https://editor.labelbox.com?project=ckcav36kp00y60720wmt4e4lz&label=ckcavn2oa3uki0y6g048sbyuh
ckcavn9o63ul50y6g9t9mh4pg,ckcav55w65snu0bo8051iadeu,https://storage.labelbox.com/ckcav026m00ui07153ar12b39%2F710576a8-1948-efea-6803-b26babae279c-images_35.jpg?Expires=1595272423328&KeyName=labelbox-assets-key-1&Signature=MW3YHQyTPWrhf-E5z_rAK9nAIKg,"{""objects"":[{""featureId"":""ckcavn8hj1odx0y47ht78gh5d"",""schemaId"":""ckcavegzz3lza0y6fa11y43fh"",""title"":""Car_num_plate"",""value"":""car_num_plate"",""color"":""#FF0000"",""bbox"":{""top"":109,""left"":109,""height"":24,""width"":86},""instanceURI"":""https://api.labelbox.com/masks/feature/ckcavn8hj1odx0y47ht78gh5d?token=eyJhbGciOiJIUzI1NiIsInR5cCI6IkpXVCJ9.eyJ1c2VySWQiOiJja2NhdjAyNzdmaHAwMDc3OGNtNW9hbTQ0Iiwib3JnYW5pemF0aW9uSWQiOiJja2NhdjAyNm0wMHVpMDcxNTNhcjEyYjM5IiwiaWF0IjoxNTk0MDYyODIzLCJleHAiOjE1OTY2NTQ4MjN9.wbaVb6C88pFrWNHP59Q2SOp_wEkKehjSeTI0fh-q90Y""}],""classifications"":[]}",manjunathn04@gmail.com,CarDataset,1594062485000,1594062516000,6.024,images_35.jpg,-1,-1,,,Car_num_plate,[],https://editor.labelbox.com?project=ckcav36kp00y60720wmt4e4lz&label=ckcavn9o63ul50y6g9t9mh4pg
ckcavnha03mm20y6fgiy8bygo,ckcav55w65so60bo83z6bfjzw,https://storage.labelbox.com/ckcav026m00ui07153ar12b39%2Ffd9689d8-a58d-e469-9fc4-14fd184987e9-images_39.jpg?Expires=1595272423328&KeyName=labelbox-assets-key-1&Signature=c4DkKUcWUBs3TZUuVNlP43tGvco,"{""objects"":[{""featureId"":""ckcavng9c3mm10y6f0cx23hdo"",""schemaId"":""ckcavegzz3lza0y6fa11y43fh"",""title"":""Car_num_plate"",""value"":""car_num_plate"",""color"":""#FF0000"",""bbox"":{""top"":80,""left"":100,""height"":25,""width"":58},""instanceURI"":""https://api.labelbox.com/masks/feature/ckcavng9c3mm10y6f0cx23hdo?token=eyJhbGciOiJIUzI1NiIsInR5cCI6IkpXVCJ9.eyJ1c2VySWQiOiJja2NhdjAyNzdmaHAwMDc3OGNtNW9hbTQ0Iiwib3JnYW5pemF0aW9uSWQiOiJja2NhdjAyNm0wMHVpMDcxNTNhcjEyYjM5IiwiaWF0IjoxNTk0MDYyODIzLCJleHAiOjE1OTY2NTQ4MjN9.wbaVb6C88pFrWNHP59Q2SOp_wEkKehjSeTI0fh-q90Y""}],""classifications"":[]}",manjunathn04@gmail.com,CarDataset,1594062495000,1594062516000,6.26,images_39.jpg,-1,-1,,,Car_num_plate,[],https://editor.labelbox.com?project=ckcav36kp00y60720wmt4e4lz&label=ckcavnha03mm20y6fgiy8bygo
ckcavnn4c1oet0y47557n2wrx,ckcav55w75soi0bo8d7ep9sqb,https://storage.labelbox.com/ckcav026m00ui07153ar12b39%2Fd742ef31-e4dd-15c0-de13-38de206e9864-images_42.jpg?Expires=1595272423329&KeyName=labelbox-assets-key-1&Signature=lH4EbNgZlBX_yUeMO1nEwI4ceIs,"{""objects"":[{""featureId"":""ckcavnlgv3mmd0y6f0mpmhq1w"",""schemaId"":""ckcavegzz3lza0y6fa11y43fh"",""title"":""Car_num_plate"",""value"":""car_num_plate"",""color"":""#FF0000"",""bbox"":{""top"":119,""left"":192,""height"":30,""width"":106},""instanceURI"":""https://api.labelbox.com/masks/feature/ckcavnlgv3mmd0y6f0mpmhq1w?token=eyJhbGciOiJIUzI1NiIsInR5cCI6IkpXVCJ9.eyJ1c2VySWQiOiJja2NhdjAyNzdmaHAwMDc3OGNtNW9hbTQ0Iiwib3JnYW5pemF0aW9uSWQiOiJja2NhdjAyNm0wMHVpMDcxNTNhcjEyYjM5IiwiaWF0IjoxNTk0MDYyODIzLCJleHAiOjE1OTY2NTQ4MjN9.wbaVb6C88pFrWNHP59Q2SOp_wEkKehjSeTI0fh-q90Y""}],""classifications"":[]}",manjunathn04@gmail.com,CarDataset,1594062503000,1594062517000,3.955,images_42.jpg,-1,-1,,,Car_num_plate,[],https://editor.labelbox.com?project=ckcav36kp00y60720wmt4e4lz&label=ckcavnn4c1oet0y47557n2wrx
ckcavnsfj3umg0y6ghkl54qdm,ckcav55w75sou0bo871or0spf,https://storage.labelbox.com/ckcav026m00ui07153ar12b39%2F734e0433-45c1-503c-d4a4-cff341a28965-images_47.jpg?Expires=1595272423329&KeyName=labelbox-assets-key-1&Signature=fKz62GSUsSjChKQZZGvGPxX1hzM,"{""objects"":[{""featureId"":""ckcavnr7h3mmf0y6fgau6ds87"",""schemaId"":""ckcavegzz3lza0y6fa11y43fh"",""title"":""Car_num_plate"",""value"":""car_num_plate"",""color"":""#FF0000"",""bbox"":{""top"":95,""left"":69,""height"":37,""width"":109},""instanceURI"":""https://api.labelbox.com/masks/feature/ckcavnr7h3mmf0y6fgau6ds87?token=eyJhbGciOiJIUzI1NiIsInR5cCI6IkpXVCJ9.eyJ1c2VySWQiOiJja2NhdjAyNzdmaHAwMDc3OGNtNW9hbTQ0Iiwib3JnYW5pemF0aW9uSWQiOiJja2NhdjAyNm0wMHVpMDcxNTNhcjEyYjM5IiwiaWF0IjoxNTk0MDYyODIzLCJleHAiOjE1OTY2NTQ4MjN9.wbaVb6C88pFrWNHP59Q2SOp_wEkKehjSeTI0fh-q90Y""}],""classifications"":[]}",manjunathn04@gmail.com,CarDataset,1594062510000,1594062517000,3.638,images_47.jpg,-1,-1,,,Car_num_plate,[],https://editor.labelbox.com?project=ckcav36kp00y60720wmt4e4lz&label=ckcavnsfj3umg0y6ghkl54qdm
ckcavnx0q1ofu0y474ky29te8,ckcav55w55slm0bo873kj347x,https://storage.labelbox.com/ckcav026m00ui07153ar12b39%2F2d9bfa88-8b6a-5f4d-4361-f7e678d11496-images_2.jpg?Expires=1595272423330&KeyName=labelbox-assets-key-1&Signature=YQD3CK_jm-TAgkwN3bdrqIcB6uA,"{""objects"":[{""featureId"":""ckcavnvua1ofr0y47g8t82ex7"",""schemaId"":""ckcavegzz3lza0y6fa11y43fh"",""title"":""Car_num_plate"",""value"":""car_num_plate"",""color"":""#FF0000"",""bbox"":{""top"":132,""left"":69,""height"":17,""width"":75},""instanceURI"":""https://api.labelbox.com/masks/feature/ckcavnvua1ofr0y47g8t82ex7?token=eyJhbGciOiJIUzI1NiIsInR5cCI6IkpXVCJ9.eyJ1c2VySWQiOiJja2NhdjAyNzdmaHAwMDc3OGNtNW9hbTQ0Iiwib3JnYW5pemF0aW9uSWQiOiJja2NhdjAyNm0wMHVpMDcxNTNhcjEyYjM5IiwiaWF0IjoxNTk0MDYyODIzLCJleHAiOjE1OTY2NTQ4MjN9.wbaVb6C88pFrWNHP59Q2SOp_wEkKehjSeTI0fh-q90Y""}],""classifications"":[]}",manjunathn04@gmail.com,CarDataset,1594062516000,1594062637000,2.682,images_2.jpg,-1,-1,,,Car_num_plate,[],https://editor.labelbox.com?project=ckcav36kp00y60720wmt4e4lz&label=ckcavnx0q1ofu0y474ky29te8
ckcavo6xb3mo00y6f680s4mzq,ckcav55w85sp60bo8gu1e1kv0,https://storage.labelbox.com/ckcav026m00ui07153ar12b39%2F30083e89-fd4d-a773-71f7-335f2434e148-images_51.jpg?Expires=1595272423330&KeyName=labelbox-assets-key-1&Signature=Enq2pis7fJvRMziccRO45GZwgWg,"{""objects"":[{""featureId"":""ckcavo5ez3mny0y6f244b32al"",""schemaId"":""ckcavegzz3lza0y6fa11y43fh"",""title"":""Car_num_plate"",""value"":""car_num_plate"",""color"":""#FF0000"",""bbox"":{""top"":95,""left"":30,""height"":57,""width"":151},""instanceURI"":""https://api.labelbox.com/masks/feature/ckcavo5ez3mny0y6f244b32al?token=eyJhbGciOiJIUzI1NiIsInR5cCI6IkpXVCJ9.eyJ1c2VySWQiOiJja2NhdjAyNzdmaHAwMDc3OGNtNW9hbTQ0Iiwib3JnYW5pemF0aW9uSWQiOiJja2NhdjAyNm0wMHVpMDcxNTNhcjEyYjM5IiwiaWF0IjoxNTk0MDYyODIzLCJleHAiOjE1OTY2NTQ4MjN9.wbaVb6C88pFrWNHP59Q2SOp_wEkKehjSeTI0fh-q90Y""}],""classifications"":[]}",manjunathn04@gmail.com,CarDataset,1594062529000,1594062637000,3.999,images_51.jpg,-1,-1,,,Car_num_plate,[],https://editor.labelbox.com?project=ckcav36kp00y60720wmt4e4lz&label=ckcavo6xb3mo00y6f680s4mzq
ckcavoeh13unw0y6g3r347h9x,ckcav55w55sly0bo85lcuhno5,https://storage.labelbox.com/ckcav026m00ui07153ar12b39%2F90437406-13ca-fb61-aec0-3db91bdcd9dc-images_6.jpg?Expires=1595272423331&KeyName=labelbox-assets-key-1&Signature=bEseO7RI3UvA67PIwqL6c5yJsaw,"{""objects"":[{""featureId"":""ckcavodcj1ohu0y478tr514ud"",""schemaId"":""ckcavegzz3lza0y6fa11y43fh"",""title"":""Car_num_plate"",""value"":""car_num_plate"",""color"":""#FF0000"",""bbox"":{""top"":107,""left"":80,""height"":26,""width"":90},""instanceURI"":""https://api.labelbox.com/masks/feature/ckcavodcj1ohu0y478tr514ud?token=eyJhbGciOiJIUzI1NiIsInR5cCI6IkpXVCJ9.eyJ1c2VySWQiOiJja2NhdjAyNzdmaHAwMDc3OGNtNW9hbTQ0Iiwib3JnYW5pemF0aW9uSWQiOiJja2NhdjAyNm0wMHVpMDcxNTNhcjEyYjM5IiwiaWF0IjoxNTk0MDYyODIzLCJleHAiOjE1OTY2NTQ4MjN9.wbaVb6C88pFrWNHP59Q2SOp_wEkKehjSeTI0fh-q90Y""}],""classifications"":[]}",manjunathn04@gmail.com,CarDataset,1594062538000,1594062638000,9.016,images_6.jpg,-1,-1,,,Car_num_plate,[],https://editor.labelbox.com?project=ckcav36kp00y60720wmt4e4lz&label=ckcavoeh13unw0y6g3r347h9x
ckcavojk03mou0y6f4z3dgrlz,ckcav55w85spi0bo89thp0rwl,https://storage.labelbox.com/ckcav026m00ui07153ar12b39%2F3c16e99c-bd1c-3b29-1cb7-94446db11354-images_54.jpg?Expires=1595272423332&KeyName=labelbox-assets-key-1&Signature=GJiAJdIXBZVSVbHNrTqdX0-YTN4,"{""objects"":[{""featureId"":""ckcavoici3uof0y6g5wfwcx2b"",""schemaId"":""ckcavegzz3lza0y6fa11y43fh"",""title"":""Car_num_plate"",""value"":""car_num_plate"",""color"":""#FF0000"",""bbox"":{""top"":111,""left"":62,""height"":29,""width"":97},""instanceURI"":""https://api.labelbox.com/masks/feature/ckcavoici3uof0y6g5wfwcx2b?token=eyJhbGciOiJIUzI1NiIsInR5cCI6IkpXVCJ9.eyJ1c2VySWQiOiJja2NhdjAyNzdmaHAwMDc3OGNtNW9hbTQ0Iiwib3JnYW5pemF0aW9uSWQiOiJja2NhdjAyNm0wMHVpMDcxNTNhcjEyYjM5IiwiaWF0IjoxNTk0MDYyODIzLCJleHAiOjE1OTY2NTQ4MjN9.wbaVb6C88pFrWNHP59Q2SOp_wEkKehjSeTI0fh-q90Y""}],""classifications"":[]}",manjunathn04@gmail.com,CarDataset,1594062545000,1594062638000,5.905,images_54.jpg,-1,-1,,,Car_num_plate,[],https://editor.labelbox.com?project=ckcav36kp00y60720wmt4e4lz&label=ckcavojk03mou0y6f4z3dgrlz
ckcavoop73up40y6g1nr12jni,ckcav55w65sma0bo8aezn6r2x,https://storage.labelbox.com/ckcav026m00ui07153ar12b39%2F532750b3-d873-ecdc-e0d5-b4dac985dd59-images_11.jpg?Expires=1595272423332&KeyName=labelbox-assets-key-1&Signature=Dfmcdt4Xz2OOZOmx33C-5km6fig,"{""objects"":[{""featureId"":""ckcavonki1oin0y47a1y32rfl"",""schemaId"":""ckcavegzz3lza0y6fa11y43fh"",""title"":""Car_num_plate"",""value"":""car_num_plate"",""color"":""#FF0000"",""bbox"":{""top"":109,""left"":87,""height"":40,""width"":135},""instanceURI"":""https://api.labelbox.com/masks/feature/ckcavonki1oin0y47a1y32rfl?token=eyJhbGciOiJIUzI1NiIsInR5cCI6IkpXVCJ9.eyJ1c2VySWQiOiJja2NhdjAyNzdmaHAwMDc3OGNtNW9hbTQ0Iiwib3JnYW5pemF0aW9uSWQiOiJja2NhdjAyNm0wMHVpMDcxNTNhcjEyYjM5IiwiaWF0IjoxNTk0MDYyODIzLCJleHAiOjE1OTY2NTQ4MjN9.wbaVb6C88pFrWNHP59Q2SOp_wEkKehjSeTI0fh-q90Y""}],""classifications"":[]}",manjunathn04@gmail.com,CarDataset,1594062552000,1594062638000,3.26,images_11.jpg,-1,-1,,,Car_num_plate,[],https://editor.labelbox.com?project=ckcav36kp00y60720wmt4e4lz&label=ckcavoop73up40y6g1nr12jni
ckcavoumz1ojh0y47bx9va3ko,ckcav55w85spu0bo82wa72ufg,https://storage.labelbox.com/ckcav026m00ui07153ar12b39%2F1f9697ed-0a59-665b-edd6-07178302db7b-images_58.jpg?Expires=1595272423333&KeyName=labelbox-assets-key-1&Signature=E40R0lYQwimW1geRsIME1AryAX4,"{""objects"":[{""featureId"":""ckcavotq01ojd0y4748qgf4lp"",""schemaId"":""ckcavegzz3lza0y6fa11y43fh"",""title"":""Car_num_plate"",""value"":""car_num_plate"",""color"":""#FF0000"",""bbox"":{""top"":114,""left"":70,""height"":37,""width"":121},""instanceURI"":""https://api.labelbox.com/masks/feature/ckcavotq01ojd0y4748qgf4lp?token=eyJhbGciOiJIUzI1NiIsInR5cCI6IkpXVCJ9.eyJ1c2VySWQiOiJja2NhdjAyNzdmaHAwMDc3OGNtNW9hbTQ0Iiwib3JnYW5pemF0aW9uSWQiOiJja2NhdjAyNm0wMHVpMDcxNTNhcjEyYjM5IiwiaWF0IjoxNTk0MDYyODIzLCJleHAiOjE1OTY2NTQ4MjN9.wbaVb6C88pFrWNHP59Q2SOp_wEkKehjSeTI0fh-q90Y""}],""classifications"":[]}",manjunathn04@gmail.com,CarDataset,1594062559000,1594062638000,3.675,images_58.jpg,-1,-1,,,Car_num_plate,[],https://editor.labelbox.com?project=ckcav36kp00y60720wmt4e4lz&label=ckcavoumz1ojh0y47bx9va3ko
ckcavozn13uq70y6gg0e9fwzv,ckcav55w65smm0bo80be95ldg,https://storage.labelbox.com/ckcav026m00ui07153ar12b39%2F35d587c0-e485-2576-cbae-bad032fbfaff-images_16.jpg?Expires=1595272423336&KeyName=labelbox-assets-key-1&Signature=HPD4svsHt5dDtgcEfw6G-wl8q1E,"{""objects"":[{""featureId"":""ckcavoyl93uq50y6gdjbq7sx4"",""schemaId"":""ckcavegzz3lza0y6fa11y43fh"",""title"":""Car_num_plate"",""value"":""car_num_plate"",""color"":""#FF0000"",""bbox"":{""top"":95,""left"":92,""height"":23,""width"":84},""instanceURI"":""https://api.labelbox.com/masks/feature/ckcavoyl93uq50y6gdjbq7sx4?token=eyJhbGciOiJIUzI1NiIsInR5cCI6IkpXVCJ9.eyJ1c2VySWQiOiJja2NhdjAyNzdmaHAwMDc3OGNtNW9hbTQ0Iiwib3JnYW5pemF0aW9uSWQiOiJja2NhdjAyNm0wMHVpMDcxNTNhcjEyYjM5IiwiaWF0IjoxNTk0MDYyODIzLCJleHAiOjE1OTY2NTQ4MjN9.wbaVb6C88pFrWNHP59Q2SOp_wEkKehjSeTI0fh-q90Y""}],""classifications"":[]}",manjunathn04@gmail.com,CarDataset,1594062566000,1594062639000,3.762,images_16.jpg,-1,-1,,,Car_num_plate,[],https://editor.labelbox.com?project=ckcav36kp00y60720wmt4e4lz&label=ckcavozn13uq70y6gg0e9fwzv
ckcavpfjr3ms30y6f723f171b,ckcav55w95sq60bo87cgc8b71,https://storage.labelbox.com/ckcav026m00ui07153ar12b39%2Fadbab43e-0970-cb6a-340f-05a3701f9a73-images_61.jpg?Expires=1595272423336&KeyName=labelbox-assets-key-1&Signature=V9SRFbXySiswIfUXfPXA-vaufIQ,"{""objects"":[{""featureId"":""ckcavpejw3ms20y6fbf9ifhe2"",""schemaId"":""ckcavegzz3lza0y6fa11y43fh"",""title"":""Car_num_plate"",""value"":""car_num_plate"",""color"":""#FF0000"",""bbox"":{""top"":52,""left"":50,""height"":79,""width"":142},""instanceURI"":""https://api.labelbox.com/masks/feature/ckcavpejw3ms20y6fbf9ifhe2?token=eyJhbGciOiJIUzI1NiIsInR5cCI6IkpXVCJ9.eyJ1c2VySWQiOiJja2NhdjAyNzdmaHAwMDc3OGNtNW9hbTQ0Iiwib3JnYW5pemF0aW9uSWQiOiJja2NhdjAyNm0wMHVpMDcxNTNhcjEyYjM5IiwiaWF0IjoxNTk0MDYyODIzLCJleHAiOjE1OTY2NTQ4MjN9.wbaVb6C88pFrWNHP59Q2SOp_wEkKehjSeTI0fh-q90Y""}],""classifications"":[]}",manjunathn04@gmail.com,CarDataset,1594062586000,1594062639000,8.225,images_61.jpg,-1,-1,,,Car_num_plate,[],https://editor.labelbox.com?project=ckcav36kp00y60720wmt4e4lz&label=ckcavpfjr3ms30y6f723f171b
ckcavpm7k3us50y6gbjco2h3i,ckcav55w65smy0bo89ihdc7mi,https://storage.labelbox.com/ckcav026m00ui07153ar12b39%2F814427d0-11b3-2274-d092-2a1eb8229910-images_21.jpg?Expires=1595272423337&KeyName=labelbox-assets-key-1&Signature=Bf-Ab29_IY-nrdyDkOd54O2t0hA,"{""objects"":[{""featureId"":""ckcavpl2p1olz0y4754qmdv6v"",""schemaId"":""ckcavegzz3lza0y6fa11y43fh"",""title"":""Car_num_plate"",""value"":""car_num_plate"",""color"":""#FF0000"",""bbox"":{""top"":39,""left"":105,""height"":49,""width"":81},""instanceURI"":""https://api.labelbox.com/masks/feature/ckcavpl2p1olz0y4754qmdv6v?token=eyJhbGciOiJIUzI1NiIsInR5cCI6IkpXVCJ9.eyJ1c2VySWQiOiJja2NhdjAyNzdmaHAwMDc3OGNtNW9hbTQ0Iiwib3JnYW5pemF0aW9uSWQiOiJja2NhdjAyNm0wMHVpMDcxNTNhcjEyYjM5IiwiaWF0IjoxNTk0MDYyODIzLCJleHAiOjE1OTY2NTQ4MjN9.wbaVb6C88pFrWNHP59Q2SOp_wEkKehjSeTI0fh-q90Y""}],""classifications"":[]}",manjunathn04@gmail.com,CarDataset,1594062595000,1594062639000,4.743,images_21.jpg,-1,-1,,,Car_num_plate,[],https://editor.labelbox.com?project=ckcav36kp00y60720wmt4e4lz&label=ckcavpm7k3us50y6gbjco2h3i
ckcavpvaa3mtk0y6fagi31084,ckcav55w95sqi0bo86ucvb3jv,https://storage.labelbox.com/ckcav026m00ui07153ar12b39%2Feb17a4d3-9f71-7a67-0864-c454fb256a63-images_64.jpg?Expires=1595272423338&KeyName=labelbox-assets-key-1&Signature=Wk-ZZfoG2sWXRWrhAs6RNUnvhkk,"{""objects"":[{""featureId"":""ckcavpu7n3mti0y6f9nzua2zm"",""schemaId"":""ckcavegzz3lza0y6fa11y43fh"",""title"":""Car_num_plate"",""value"":""car_num_plate"",""color"":""#FF0000"",""bbox"":{""top"":59,""left"":57,""height"":52,""width"":168},""instanceURI"":""https://api.labelbox.com/masks/feature/ckcavpu7n3mti0y6f9nzua2zm?token=eyJhbGciOiJIUzI1NiIsInR5cCI6IkpXVCJ9.eyJ1c2VySWQiOiJja2NhdjAyNzdmaHAwMDc3OGNtNW9hbTQ0Iiwib3JnYW5pemF0aW9uSWQiOiJja2NhdjAyNm0wMHVpMDcxNTNhcjEyYjM5IiwiaWF0IjoxNTk0MDYyODIzLCJleHAiOjE1OTY2NTQ4MjN9.wbaVb6C88pFrWNHP59Q2SOp_wEkKehjSeTI0fh-q90Y""}],""classifications"":[]}",manjunathn04@gmail.com,CarDataset,1594062607000,1594062640000,8.625,images_64.jpg,-1,-1,,,Car_num_plate,[],https://editor.labelbox.com?project=ckcav36kp00y60720wmt4e4lz&label=ckcavpvaa3mtk0y6fagi31084
ckcavq0wl3mu50y6fagui4szz,ckcav55w65sna0bo8f1y2dldr,https://storage.labelbox.com/ckcav026m00ui07153ar12b39%2Ff68cd35a-d21f-e135-2605-150953c0b78a-images_25.jpg?Expires=1595272423339&KeyName=labelbox-assets-key-1&Signature=J9xCKS086DB0mO2142rwoElkX_0,"{""objects"":[{""featureId"":""ckcavpzv33uti0y6ggyndevbd"",""schemaId"":""ckcavegzz3lza0y6fa11y43fh"",""title"":""Car_num_plate"",""value"":""car_num_plate"",""color"":""#FF0000"",""bbox"":{""top"":160,""left"":108,""height"":26,""width"":81},""instanceURI"":""https://api.labelbox.com/masks/feature/ckcavpzv33uti0y6ggyndevbd?token=eyJhbGciOiJIUzI1NiIsInR5cCI6IkpXVCJ9.eyJ1c2VySWQiOiJja2NhdjAyNzdmaHAwMDc3OGNtNW9hbTQ0Iiwib3JnYW5pemF0aW9uSWQiOiJja2NhdjAyNm0wMHVpMDcxNTNhcjEyYjM5IiwiaWF0IjoxNTk0MDYyODIzLCJleHAiOjE1OTY2NTQ4MjN9.wbaVb6C88pFrWNHP59Q2SOp_wEkKehjSeTI0fh-q90Y""}],""classifications"":[]}",manjunathn04@gmail.com,CarDataset,1594062614000,1594062640000,3.788,images_25.jpg,-1,-1,,,Car_num_plate,[],https://editor.labelbox.com?project=ckcav36kp00y60720wmt4e4lz&label=ckcavq0wl3mu50y6fagui4szz
ckcavq6ei3uu80y6g7c5h8lgm,ckcav55w95squ0bo86osrd9hd,https://storage.labelbox.com/ckcav026m00ui07153ar12b39%2F09b4ae04-0492-24eb-13d2-1c90d0b55a5a-images_67.jpg?Expires=1595272423339&KeyName=labelbox-assets-key-1&Signature=dkXds2GC8u09h0ocWgt5pzzVT_Q,"{""objects"":[{""featureId"":""ckcavq5fz3utv0y6gbpkaewg6"",""schemaId"":""ckcavegzz3lza0y6fa11y43fh"",""title"":""Car_num_plate"",""value"":""car_num_plate"",""color"":""#FF0000"",""bbox"":{""top"":83,""left"":99,""height"":26,""width"":92},""instanceURI"":""https://api.labelbox.com/masks/feature/ckcavq5fz3utv0y6gbpkaewg6?token=eyJhbGciOiJIUzI1NiIsInR5cCI6IkpXVCJ9.eyJ1c2VySWQiOiJja2NhdjAyNzdmaHAwMDc3OGNtNW9hbTQ0Iiwib3JnYW5pemF0aW9uSWQiOiJja2NhdjAyNm0wMHVpMDcxNTNhcjEyYjM5IiwiaWF0IjoxNTk0MDYyODIzLCJleHAiOjE1OTY2NTQ4MjN9.wbaVb6C88pFrWNHP59Q2SOp_wEkKehjSeTI0fh-q90Y""}],""classifications"":[]}",manjunathn04@gmail.com,CarDataset,1594062621000,1594062640000,3.984,images_67.jpg,-1,-1,,,Car_num_plate,[],https://editor.labelbox.com?project=ckcav36kp00y60720wmt4e4lz&label=ckcavq6ei3uu80y6g7c5h8lgm
ckcavqcev3mut0y6f4vcs93vg,ckcav55w65snm0bo88c7m67lu,https://storage.labelbox.com/ckcav026m00ui07153ar12b39%2F1e1c0c94-9d81-55c0-b20d-fa60f928f259-images_33.jpg?Expires=1595272423340&KeyName=labelbox-assets-key-1&Signature=bi_OccqjWFlmVycPvQ9nYIBh1Yc,"{""objects"":[{""featureId"":""ckcavqbbb3uun0y6g95sphe6t"",""schemaId"":""ckcavegzz3lza0y6fa11y43fh"",""title"":""Car_num_plate"",""value"":""car_num_plate"",""color"":""#FF0000"",""bbox"":{""top"":174,""left"":51,""height"":50,""width"":71},""instanceURI"":""https://api.labelbox.com/masks/feature/ckcavqbbb3uun0y6g95sphe6t?token=eyJhbGciOiJIUzI1NiIsInR5cCI6IkpXVCJ9.eyJ1c2VySWQiOiJja2NhdjAyNzdmaHAwMDc3OGNtNW9hbTQ0Iiwib3JnYW5pemF0aW9uSWQiOiJja2NhdjAyNm0wMHVpMDcxNTNhcjEyYjM5IiwiaWF0IjoxNTk0MDYyODIzLCJleHAiOjE1OTY2NTQ4MjN9.wbaVb6C88pFrWNHP59Q2SOp_wEkKehjSeTI0fh-q90Y""}],""classifications"":[]}",manjunathn04@gmail.com,CarDataset,1594062629000,1594062640000,4.252,images_33.jpg,-1,-1,,,Car_num_plate,[],https://editor.labelbox.com?project=ckcav36kp00y60720wmt4e4lz&label=ckcavqcev3mut0y6f4vcs93vg
ckcavqgzr3mva0y6fbhhk4f60,ckcav55w65sny0bo85i2h54j8,https://storage.labelbox.com/ckcav026m00ui07153ar12b39%2F2dabd7e3-ce44-8c7e-fa82-fae1c47cd9e3-images_36.jpg?Expires=1595272423341&KeyName=labelbox-assets-key-1&Signature=0slKv6-SrWxHlEv8I-QXcsfXO8U,"{""objects"":[{""featureId"":""ckcavqfyk3mv80y6f3c1w8rmy"",""schemaId"":""ckcavegzz3lza0y6fa11y43fh"",""title"":""Car_num_plate"",""value"":""car_num_plate"",""color"":""#FF0000"",""bbox"":{""top"":98,""left"":89,""height"":25,""width"":78},""instanceURI"":""https://api.labelbox.com/masks/feature/ckcavqfyk3mv80y6f3c1w8rmy?token=eyJhbGciOiJIUzI1NiIsInR5cCI6IkpXVCJ9.eyJ1c2VySWQiOiJja2NhdjAyNzdmaHAwMDc3OGNtNW9hbTQ0Iiwib3JnYW5pemF0aW9uSWQiOiJja2NhdjAyNm0wMHVpMDcxNTNhcjEyYjM5IiwiaWF0IjoxNTk0MDYyODIzLCJleHAiOjE1OTY2NTQ4MjN9.wbaVb6C88pFrWNHP59Q2SOp_wEkKehjSeTI0fh-q90Y""}],""classifications"":[]}",manjunathn04@gmail.com,CarDataset,1594062635000,1594062641000,2.918,images_36.jpg,-1,-1,,,Car_num_plate,[],https://editor.labelbox.com?project=ckcav36kp00y60720wmt4e4lz&label=ckcavqgzr3mva0y6fbhhk4f60
ckcavqme91ony0y47hu0y9esg,ckcav55w65soa0bo8bsbqg0e6,https://storage.labelbox.com/ckcav026m00ui07153ar12b39%2Fb5dcf1ef-2920-4279-c371-1cd7be4265b5-images_40.jpg?Expires=1595272423341&KeyName=labelbox-assets-key-1&Signature=JfsNdvYt_MxaN7maY4Z3g6-w9D4,"{""objects"":[{""featureId"":""ckcavql943mw10y6fbdbx85tw"",""schemaId"":""ckcavegzz3lza0y6fa11y43fh"",""title"":""Car_num_plate"",""value"":""car_num_plate"",""color"":""#FF0000"",""bbox"":{""top"":7,""left"":17,""height"":121,""width"":269},""instanceURI"":""https://api.labelbox.com/masks/feature/ckcavql943mw10y6fbdbx85tw?token=eyJhbGciOiJIUzI1NiIsInR5cCI6IkpXVCJ9.eyJ1c2VySWQiOiJja2NhdjAyNzdmaHAwMDc3OGNtNW9hbTQ0Iiwib3JnYW5pemF0aW9uSWQiOiJja2NhdjAyNm0wMHVpMDcxNTNhcjEyYjM5IiwiaWF0IjoxNTk0MDYyODIzLCJleHAiOjE1OTY2NTQ4MjN9.wbaVb6C88pFrWNHP59Q2SOp_wEkKehjSeTI0fh-q90Y""}],""classifications"":[]}",manjunathn04@gmail.com,CarDataset,1594062642000,1594062755000,3.892,images_40.jpg,-1,-1,,,Car_num_plate,[],https://editor.labelbox.com?project=ckcav36kp00y60720wmt4e4lz&label=ckcavqme91ony0y47hu0y9esg
ckcavr2rv1oq10y47bg9dd51u,ckcav55w75som0bo8bjj30zld,https://storage.labelbox.com/ckcav026m00ui07153ar12b39%2Fff05bbe6-2042-8a74-8567-a2dac596fc7d-images_43.jpg?Expires=1595272423342&KeyName=labelbox-assets-key-1&Signature=IeJqq4z9kJXlP8_VCmTMJ6D5hpI,"{""objects"":[{""featureId"":""ckcavr1cy1ops0y476ynp3l5w"",""schemaId"":""ckcavegzz3lza0y6fa11y43fh"",""title"":""Car_num_plate"",""value"":""car_num_plate"",""color"":""#FF0000"",""bbox"":{""top"":146,""left"":67,""height"":24,""width"":82},""instanceURI"":""https://api.labelbox.com/masks/feature/ckcavr1cy1ops0y476ynp3l5w?token=eyJhbGciOiJIUzI1NiIsInR5cCI6IkpXVCJ9.eyJ1c2VySWQiOiJja2NhdjAyNzdmaHAwMDc3OGNtNW9hbTQ0Iiwib3JnYW5pemF0aW9uSWQiOiJja2NhdjAyNm0wMHVpMDcxNTNhcjEyYjM5IiwiaWF0IjoxNTk0MDYyODIzLCJleHAiOjE1OTY2NTQ4MjN9.wbaVb6C88pFrWNHP59Q2SOp_wEkKehjSeTI0fh-q90Y""}],""classifications"":[]}",manjunathn04@gmail.com,CarDataset,1594062663000,1594062755000,5.692,images_43.jpg,-1,-1,,,Car_num_plate,[],https://editor.labelbox.com?project=ckcav36kp00y60720wmt4e4lz&label=ckcavr2rv1oq10y47bg9dd51u
ckcavrapn1oqs0y470y191arr,ckcav55w75soy0bo8b08e1w04,https://storage.labelbox.com/ckcav026m00ui07153ar12b39%2Fff0a4a3c-00b7-bbcc-0acf-935e1e39bcba-images_48.jpg?Expires=1595272423342&KeyName=labelbox-assets-key-1&Signature=AbflSpnI-WdbdjxIT-wAhkrJ2So,"{""objects"":[{""featureId"":""ckcavr9du3uwm0y6gbpwrgybt"",""schemaId"":""ckcavegzz3lza0y6fa11y43fh"",""title"":""Car_num_plate"",""value"":""car_num_plate"",""color"":""#FF0000"",""bbox"":{""top"":84,""left"":99,""height"":25,""width"":90},""instanceURI"":""https://api.labelbox.com/masks/feature/ckcavr9du3uwm0y6gbpwrgybt?token=eyJhbGciOiJIUzI1NiIsInR5cCI6IkpXVCJ9.eyJ1c2VySWQiOiJja2NhdjAyNzdmaHAwMDc3OGNtNW9hbTQ0Iiwib3JnYW5pemF0aW9uSWQiOiJja2NhdjAyNm0wMHVpMDcxNTNhcjEyYjM5IiwiaWF0IjoxNTk0MDYyODIzLCJleHAiOjE1OTY2NTQ4MjN9.wbaVb6C88pFrWNHP59Q2SOp_wEkKehjSeTI0fh-q90Y""}],""classifications"":[]}",manjunathn04@gmail.com,CarDataset,1594062673000,1594062756000,4.173,images_48.jpg,-1,-1,,,Car_num_plate,[],https://editor.labelbox.com?project=ckcav36kp00y60720wmt4e4lz&label=ckcavrapn1oqs0y470y191arr
ckcavrhsd3mzo0y6f31gk8hfi,ckcav55w55slq0bo830kra6nn,https://storage.labelbox.com/ckcav026m00ui07153ar12b39%2Fd54684a8-8cb7-e53f-bb68-71668753b6d9-images_3.jpg?Expires=1595272423343&KeyName=labelbox-assets-key-1&Signature=2oakVwRKRubhvsktz6ViRTk7HJ8,"{""objects"":[{""featureId"":""ckcavrh2z1ord0y47769oes84"",""schemaId"":""ckcavegzz3lza0y6fa11y43fh"",""title"":""Car_num_plate"",""value"":""car_num_plate"",""color"":""#FF0000"",""bbox"":{""top"":78,""left"":21,""height"":35,""width"":143},""instanceURI"":""https://api.labelbox.com/masks/feature/ckcavrh2z1ord0y47769oes84?token=eyJhbGciOiJIUzI1NiIsInR5cCI6IkpXVCJ9.eyJ1c2VySWQiOiJja2NhdjAyNzdmaHAwMDc3OGNtNW9hbTQ0Iiwib3JnYW5pemF0aW9uSWQiOiJja2NhdjAyNm0wMHVpMDcxNTNhcjEyYjM5IiwiaWF0IjoxNTk0MDYyODIzLCJleHAiOjE1OTY2NTQ4MjN9.wbaVb6C88pFrWNHP59Q2SOp_wEkKehjSeTI0fh-q90Y""}],""classifications"":[]}",manjunathn04@gmail.com,CarDataset,1594062683000,1594062756000,5.478,images_3.jpg,-1,-1,,,Car_num_plate,[],https://editor.labelbox.com?project=ckcav36kp00y60720wmt4e4lz&label=ckcavrhsd3mzo0y6f31gk8hfi
ckcavrof21orz0y474o3fgth8,ckcav55w85spa0bo83ktlhand,https://storage.labelbox.com/ckcav026m00ui07153ar12b39%2Ffffc71e0-8408-58e8-8d9d-12e1978778ad-images_52.jpg?Expires=1595272423344&KeyName=labelbox-assets-key-1&Signature=HWLXWdYIJG3KuSsDXtp_fgfICmo,"{""objects"":[{""featureId"":""ckcavrmux1ors0y473ka6cqp6"",""schemaId"":""ckcavegzz3lza0y6fa11y43fh"",""title"":""Car_num_plate"",""value"":""car_num_plate"",""color"":""#FF0000"",""bbox"":{""top"":150,""left"":75,""height"":18,""width"":84},""instanceURI"":""https://api.labelbox.com/masks/feature/ckcavrmux1ors0y473ka6cqp6?token=eyJhbGciOiJIUzI1NiIsInR5cCI6IkpXVCJ9.eyJ1c2VySWQiOiJja2NhdjAyNzdmaHAwMDc3OGNtNW9hbTQ0Iiwib3JnYW5pemF0aW9uSWQiOiJja2NhdjAyNm0wMHVpMDcxNTNhcjEyYjM5IiwiaWF0IjoxNTk0MDYyODIzLCJleHAiOjE1OTY2NTQ4MjN9.wbaVb6C88pFrWNHP59Q2SOp_wEkKehjSeTI0fh-q90Y""}],""classifications"":[]}",manjunathn04@gmail.com,CarDataset,1594062691000,1594062756000,3.005,images_52.jpg,-1,-1,,,Car_num_plate,[],https://editor.labelbox.com?project=ckcav36kp00y60720wmt4e4lz&label=ckcavrof21orz0y474o3fgth8
ckcavrtss3uyj0y6g17d27r8o,ckcav55w55sm20bo84bc5a7t8,https://storage.labelbox.com/ckcav026m00ui07153ar12b39%2F6c2cc32f-264c-0065-4f5a-6a21eaad5ab6-images_8.jpg?Expires=1595272423344&KeyName=labelbox-assets-key-1&Signature=hQGzVOX9lmHgV7axX6swlpEGhRk,"{""objects"":[{""featureId"":""ckcavrsta3uyg0y6g6dao9ziq"",""schemaId"":""ckcavegzz3lza0y6fa11y43fh"",""title"":""Car_num_plate"",""value"":""car_num_plate"",""color"":""#FF0000"",""bbox"":{""top"":103,""left"":57,""height"":30,""width"":81},""instanceURI"":""https://api.labelbox.com/masks/feature/ckcavrsta3uyg0y6g6dao9ziq?token=eyJhbGciOiJIUzI1NiIsInR5cCI6IkpXVCJ9.eyJ1c2VySWQiOiJja2NhdjAyNzdmaHAwMDc3OGNtNW9hbTQ0Iiwib3JnYW5pemF0aW9uSWQiOiJja2NhdjAyNm0wMHVpMDcxNTNhcjEyYjM5IiwiaWF0IjoxNTk0MDYyODIzLCJleHAiOjE1OTY2NTQ4MjN9.wbaVb6C88pFrWNHP59Q2SOp_wEkKehjSeTI0fh-q90Y""}],""classifications"":[]}",manjunathn04@gmail.com,CarDataset,1594062698000,1594062757000,2.98,images_8.jpg,-1,-1,,,Car_num_plate,[],https://editor.labelbox.com?project=ckcav36kp00y60720wmt4e4lz&label=ckcavrtss3uyj0y6g17d27r8o
ckcavryw13uzm0y6gbxvj5b4h,ckcav55w85spm0bo8hbzleiqb,https://storage.labelbox.com/ckcav026m00ui07153ar12b39%2Fa036cefd-268e-0199-35c7-9aa9cd69de99-images_55.jpg?Expires=1595272423345&KeyName=labelbox-assets-key-1&Signature=Kypfgg61_5-0RJ_cM98mT23_r60,"{""objects"":[{""featureId"":""ckcavrxtg1ott0y47c4zwcafh"",""schemaId"":""ckcavegzz3lza0y6fa11y43fh"",""title"":""Car_num_plate"",""value"":""car_num_plate"",""color"":""#FF0000"",""bbox"":{""top"":98,""left"":95,""height"":35,""width"":116},""instanceURI"":""https://api.labelbox.com/masks/feature/ckcavrxtg1ott0y47c4zwcafh?token=eyJhbGciOiJIUzI1NiIsInR5cCI6IkpXVCJ9.eyJ1c2VySWQiOiJja2NhdjAyNzdmaHAwMDc3OGNtNW9hbTQ0Iiwib3JnYW5pemF0aW9uSWQiOiJja2NhdjAyNm0wMHVpMDcxNTNhcjEyYjM5IiwiaWF0IjoxNTk0MDYyODIzLCJleHAiOjE1OTY2NTQ4MjN9.wbaVb6C88pFrWNHP59Q2SOp_wEkKehjSeTI0fh-q90Y""}],""classifications"":[]}",manjunathn04@gmail.com,CarDataset,1594062705000,1594062757000,3.468,images_55.jpg,-1,-1,,,Car_num_plate,[],https://editor.labelbox.com?project=ckcav36kp00y60720wmt4e4lz&label=ckcavryw13uzm0y6gbxvj5b4h
ckcavs6mv1ovm0y47fyz155a4,ckcav55w65sme0bo8ch878bh4,https://storage.labelbox.com/ckcav026m00ui07153ar12b39%2F67c78089-9b3b-2ec8-71c7-6eba8e0c9bf5-images_14jpg.jpg?Expires=1595272423345&KeyName=labelbox-assets-key-1&Signature=HsvlUx0o3VZ-tRBtQpzPVSy-1l4,"{""objects"":[{""featureId"":""ckcavs5ip3v0s0y6g48rn9xw5"",""schemaId"":""ckcavegzz3lza0y6fa11y43fh"",""title"":""Car_num_plate"",""value"":""car_num_plate"",""color"":""#FF0000"",""bbox"":{""top"":21,""left"":1,""height"":102,""width"":264},""instanceURI"":""https://api.labelbox.com/masks/feature/ckcavs5ip3v0s0y6g48rn9xw5?token=eyJhbGciOiJIUzI1NiIsInR5cCI6IkpXVCJ9.eyJ1c2VySWQiOiJja2NhdjAyNzdmaHAwMDc3OGNtNW9hbTQ0Iiwib3JnYW5pemF0aW9uSWQiOiJja2NhdjAyNm0wMHVpMDcxNTNhcjEyYjM5IiwiaWF0IjoxNTk0MDYyODIzLCJleHAiOjE1OTY2NTQ4MjN9.wbaVb6C88pFrWNHP59Q2SOp_wEkKehjSeTI0fh-q90Y""}],""classifications"":[]}",manjunathn04@gmail.com,CarDataset,1594062715000,1594062758000,5.207,images_14jpg.jpg,-1,-1,,,Car_num_plate,[],https://editor.labelbox.com?project=ckcav36kp00y60720wmt4e4lz&label=ckcavs6mv1ovm0y47fyz155a4
ckcavsbcv1ox00y47f8b53uh1,ckcav55w85spy0bo84qgp10sa,https://storage.labelbox.com/ckcav026m00ui07153ar12b39%2F3691e833-483a-8a15-3237-cf70d7e67487-images_59.jpg?Expires=1595272423346&KeyName=labelbox-assets-key-1&Signature=c0N_m6XjsN0P2Pu90Mm6si91mmA,"{""objects"":[{""featureId"":""ckcavsaba3v1i0y6g8iyb29fo"",""schemaId"":""ckcavegzz3lza0y6fa11y43fh"",""title"":""Car_num_plate"",""value"":""car_num_plate"",""color"":""#FF0000"",""bbox"":{""top"":90,""left"":22,""height"":55,""width"":89},""instanceURI"":""https://api.labelbox.com/masks/feature/ckcavsaba3v1i0y6g8iyb29fo?token=eyJhbGciOiJIUzI1NiIsInR5cCI6IkpXVCJ9.eyJ1c2VySWQiOiJja2NhdjAyNzdmaHAwMDc3OGNtNW9hbTQ0Iiwib3JnYW5pemF0aW9uSWQiOiJja2NhdjAyNm0wMHVpMDcxNTNhcjEyYjM5IiwiaWF0IjoxNTk0MDYyODIzLCJleHAiOjE1OTY2NTQ4MjN9.wbaVb6C88pFrWNHP59Q2SOp_wEkKehjSeTI0fh-q90Y""}],""classifications"":[]}",manjunathn04@gmail.com,CarDataset,1594062721000,1594062758000,3.088,images_59.jpg,-1,-1,,,Car_num_plate,[],https://editor.labelbox.com?project=ckcav36kp00y60720wmt4e4lz&label=ckcavsbcv1ox00y47f8b53uh1
ckcavsgwu1oxo0y47edgg2gze,ckcav55w65smq0bo87n3pfyd8,https://storage.labelbox.com/ckcav026m00ui07153ar12b39%2F8539a7f4-5018-31ac-ebba-ff198906c489-images_17.jpg?Expires=1595272423347&KeyName=labelbox-assets-key-1&Signature=EJwIPXG7t_NgkQTq3zKQF55iXAM,"{""objects"":[{""featureId"":""ckcavsfsm3v290y6gfmd9f2ba"",""schemaId"":""ckcavegzz3lza0y6fa11y43fh"",""title"":""Car_num_plate"",""value"":""car_num_plate"",""color"":""#FF0000"",""bbox"":{""top"":39,""left"":4,""height"":123,""width"":254},""instanceURI"":""https://api.labelbox.com/masks/feature/ckcavsfsm3v290y6gfmd9f2ba?token=eyJhbGciOiJIUzI1NiIsInR5cCI6IkpXVCJ9.eyJ1c2VySWQiOiJja2NhdjAyNzdmaHAwMDc3OGNtNW9hbTQ0Iiwib3JnYW5pemF0aW9uSWQiOiJja2NhdjAyNm0wMHVpMDcxNTNhcjEyYjM5IiwiaWF0IjoxNTk0MDYyODIzLCJleHAiOjE1OTY2NTQ4MjN9.wbaVb6C88pFrWNHP59Q2SOp_wEkKehjSeTI0fh-q90Y""}],""classifications"":[]}",manjunathn04@gmail.com,CarDataset,1594062728000,1594062758000,4.248,images_17.jpg,-1,-1,,,Car_num_plate,[],https://editor.labelbox.com?project=ckcav36kp00y60720wmt4e4lz&label=ckcavsgwu1oxo0y47edgg2gze
ckcavsm871oyn0y47gq2mb2vk,ckcav55w95sqa0bo8d85d9s5s,https://storage.labelbox.com/ckcav026m00ui07153ar12b39%2F31ed643c-45df-9dab-5f55-5706550b59af-images_62.jpg?Expires=1595272423347&KeyName=labelbox-assets-key-1&Signature=4RMHf6Ut4wb2f5kh8RoKxl9Lbq8,"{""objects"":[{""featureId"":""ckcavsl2u1oyf0y477qtjf263"",""schemaId"":""ckcavegzz3lza0y6fa11y43fh"",""title"":""Car_num_plate"",""value"":""car_num_plate"",""color"":""#FF0000"",""bbox"":{""top"":57,""left"":31,""height"":67,""width"":205},""instanceURI"":""https://api.labelbox.com/masks/feature/ckcavsl2u1oyf0y477qtjf263?token=eyJhbGciOiJIUzI1NiIsInR5cCI6IkpXVCJ9.eyJ1c2VySWQiOiJja2NhdjAyNzdmaHAwMDc3OGNtNW9hbTQ0Iiwib3JnYW5pemF0aW9uSWQiOiJja2NhdjAyNm0wMHVpMDcxNTNhcjEyYjM5IiwiaWF0IjoxNTk0MDYyODIzLCJleHAiOjE1OTY2NTQ4MjN9.wbaVb6C88pFrWNHP59Q2SOp_wEkKehjSeTI0fh-q90Y""}],""classifications"":[]}",manjunathn04@gmail.com,CarDataset,1594062735000,1594062759000,3.664,images_62.jpg,-1,-1,,,Car_num_plate,[],https://editor.labelbox.com?project=ckcav36kp00y60720wmt4e4lz&label=ckcavsm871oyn0y47gq2mb2vk
ckcavsrka3n7n0y6f0gcg9q2y,ckcav55w65sn20bo8agx4aphu,https://storage.labelbox.com/ckcav026m00ui07153ar12b39%2F4068fd53-6b28-90e3-aa46-73be6b26c491-images_23.jpg?Expires=1595272423350&KeyName=labelbox-assets-key-1&Signature=wqr5aBfTW4F5bhdRSsLgxF2BEt0,"{""objects"":[{""featureId"":""ckcavsqep3v3q0y6g8pl5fpvr"",""schemaId"":""ckcavegzz3lza0y6fa11y43fh"",""title"":""Car_num_plate"",""value"":""car_num_plate"",""color"":""#FF0000"",""bbox"":{""top"":115,""left"":75,""height"":40,""width"":127},""instanceURI"":""https://api.labelbox.com/masks/feature/ckcavsqep3v3q0y6g8pl5fpvr?token=eyJhbGciOiJIUzI1NiIsInR5cCI6IkpXVCJ9.eyJ1c2VySWQiOiJja2NhdjAyNzdmaHAwMDc3OGNtNW9hbTQ0Iiwib3JnYW5pemF0aW9uSWQiOiJja2NhdjAyNm0wMHVpMDcxNTNhcjEyYjM5IiwiaWF0IjoxNTk0MDYyODIzLCJleHAiOjE1OTY2NTQ4MjN9.wbaVb6C88pFrWNHP59Q2SOp_wEkKehjSeTI0fh-q90Y""}],""classifications"":[]}",manjunathn04@gmail.com,CarDataset,1594062742000,1594062759000,3.849,images_23.jpg,-1,-1,,,Car_num_plate,[],https://editor.labelbox.com?project=ckcav36kp00y60720wmt4e4lz&label=ckcavsrka3n7n0y6f0gcg9q2y
ckcavswex3n8f0y6f3e5e7fvt,ckcav55w95sqm0bo87jwo98a2,https://storage.labelbox.com/ckcav026m00ui07153ar12b39%2F2aaa389e-5758-b3b4-a3cc-92fd9ea4de2a-images_65.jpg?Expires=1595272423353&KeyName=labelbox-assets-key-1&Signature=Ieokn_oGC5dV3aXT1SeTDLBkJ5w,"{""objects"":[{""featureId"":""ckcavsv6v3v4l0y6ghui1ald5"",""schemaId"":""ckcavegzz3lza0y6fa11y43fh"",""title"":""Car_num_plate"",""value"":""car_num_plate"",""color"":""#FF0000"",""bbox"":{""top"":39,""left"":6,""height"":95,""width"":228},""instanceURI"":""https://api.labelbox.com/masks/feature/ckcavsv6v3v4l0y6ghui1ald5?token=eyJhbGciOiJIUzI1NiIsInR5cCI6IkpXVCJ9.eyJ1c2VySWQiOiJja2NhdjAyNzdmaHAwMDc3OGNtNW9hbTQ0Iiwib3JnYW5pemF0aW9uSWQiOiJja2NhdjAyNm0wMHVpMDcxNTNhcjEyYjM5IiwiaWF0IjoxNTk0MDYyODIzLCJleHAiOjE1OTY2NTQ4MjN9.wbaVb6C88pFrWNHP59Q2SOp_wEkKehjSeTI0fh-q90Y""}],""classifications"":[]}",manjunathn04@gmail.com,CarDataset,1594062748000,1594062759000,2.996,images_65.jpg,-1,-1,,,Car_num_plate,[],https://editor.labelbox.com?project=ckcav36kp00y60720wmt4e4lz&label=ckcavswex3n8f0y6f3e5e7fvt
ckcavtv6w1p3j0y474pktbggl,ckcav55w65sne0bo8hgc725ox,https://storage.labelbox.com/ckcav026m00ui07153ar12b39%2Fcc79646e-e6c7-3545-f974-a9b4c5ae9683-images_29.jpg?Expires=1595272423354&KeyName=labelbox-assets-key-1&Signature=_hYS0O7DnP0h9xWxPPHcZqV4NxU,"{""objects"":[{""featureId"":""ckcavtsek3v610y6g7a605gv3"",""schemaId"":""ckcavegzz3lza0y6fa11y43fh"",""title"":""Car_num_plate"",""value"":""car_num_plate"",""color"":""#FF0000"",""bbox"":{""top"":96,""left"":256,""height"":38,""width"":44},""instanceURI"":""https://api.labelbox.com/masks/feature/ckcavtsek3v610y6g7a605gv3?token=eyJhbGciOiJIUzI1NiIsInR5cCI6IkpXVCJ9.eyJ1c2VySWQiOiJja2NhdjAyNzdmaHAwMDc3OGNtNW9hbTQ0Iiwib3JnYW5pemF0aW9uSWQiOiJja2NhdjAyNm0wMHVpMDcxNTNhcjEyYjM5IiwiaWF0IjoxNTk0MDYyODIzLCJleHAiOjE1OTY2NTQ4MjN9.wbaVb6C88pFrWNHP59Q2SOp_wEkKehjSeTI0fh-q90Y""}],""classifications"":[]}",manjunathn04@gmail.com,CarDataset,1594062793000,1594062795000,44.518,images_29.jpg,-1,-1,,,Car_num_plate,[],https://editor.labelbox.com?project=ckcav36kp00y60720wmt4e4lz&label=ckcavtv6w1p3j0y474pktbggl
ckcavu05i3v6e0y6gdhyc1kjx,ckcav55w95sqy0bo895r1aj86,https://storage.labelbox.com/ckcav026m00ui07153ar12b39%2Ffc7c9a8f-1522-8a1c-638f-7591c5e45900-images_68.jpg?Expires=1595272423354&KeyName=labelbox-assets-key-1&Signature=cjJDYZYJG7esGKjl2JjjnW3ANtE,"{""objects"":[{""featureId"":""ckcavtyvo1p4b0y472bxkfcnj"",""schemaId"":""ckcavegzz3lza0y6fa11y43fh"",""title"":""Car_num_plate"",""value"":""car_num_plate"",""color"":""#FF0000"",""bbox"":{""top"":81,""left"":54,""height"":54,""width"":168},""instanceURI"":""https://api.labelbox.com/masks/feature/ckcavtyvo1p4b0y472bxkfcnj?token=eyJhbGciOiJIUzI1NiIsInR5cCI6IkpXVCJ9.eyJ1c2VySWQiOiJja2NhdjAyNzdmaHAwMDc3OGNtNW9hbTQ0Iiwib3JnYW5pemF0aW9uSWQiOiJja2NhdjAyNm0wMHVpMDcxNTNhcjEyYjM5IiwiaWF0IjoxNTk0MDYyODIzLCJleHAiOjE1OTY2NTQ4MjN9.wbaVb6C88pFrWNHP59Q2SOp_wEkKehjSeTI0fh-q90Y""}],""classifications"":[]}",manjunathn04@gmail.com,CarDataset,1594062800000,1594062800000,2.622,images_68.jpg,-1,-1,,,Car_num_plate,[],https://editor.labelbox.com?project=ckcav36kp00y60720wmt4e4lz&label=ckcavu05i3v6e0y6gdhyc1kjx
